URL,Address,Title
https://newyork.craigslist.org/mnh/egr/6115825207.html,Downtown,Tele-radiology Operations Manager
https://newyork.craigslist.org/mnh/egr/6115721969.html,Midtown,Jr. Technician / Production Assistant - 3D Printing / CAD - Jewelry
https://newyork.craigslist.org/lgi/egr/6115714416.html,Rocky Point,Architectural Draftsperson
https://newyork.craigslist.org/jsy/egr/6115660196.html,Woodbridge,Interior Architecture Senior Designer
https://newyork.craigslist.org/jsy/egr/6115656102.html,Woodbridge,Interior Design Senior Designer
https://newyork.craigslist.org/mnh/egr/6115634052.html,Flatiron,Intermediate Project Architect
https://newyork.craigslist.org/mnh/egr/6115633143.html,Midtown West,Sustainability LEED Engineer
https://newyork.craigslist.org/jsy/egr/6115599226.html,"Woodbridge, NJ",Environmental Graphic Designer
https://newyork.craigslist.org/mnh/egr/6115462248.html,SoHo,Senior Project Manager
https://newyork.craigslist.org/mnh/egr/6115406169.html,TriBeCa,Interior Designer
https://newyork.craigslist.org/lgi/egr/6115297951.html,Manhasset,AUTOCAD Drafter for Kitchen and Bath Cabinetry Design firm
https://newyork.craigslist.org/wch/egr/6115255357.html,"Westchester County, NY",SPACE PLANNER FOR FAST GROWING WESTCHESTER COMPANY!
https://newyork.craigslist.org/que/egr/6115206862.html,,Intern / Junior Architect
https://newyork.craigslist.org/mnh/egr/6115201364.html,"New York, NY",Project Manager - Ultra High-End Residential Construction Management
https://newyork.craigslist.org/mnh/egr/6114766106.html,Nolita / Bowery,design showroom / concrete collaborative
https://newyork.craigslist.org/mnh/egr/6114639739.html,"Brooklyn, NY",Seeking a full time drafter
https://newyork.craigslist.org/mnh/egr/6114533600.html,Midtown,Intern Architect
https://newyork.craigslist.org/mnh/egr/6114147351.html,Aspen,Architects Needed in Aspen
https://newyork.craigslist.org/mnh/egr/6114134810.html,"Troy, NY",Wanted Energy Efficiency Professional/ Director: Seeking to Relocate
https://newyork.craigslist.org/mnh/egr/6114132331.html,"Troy, NY",Wanted Energy Efficiency Professional/ Director: Seeking to Relocate
https://newyork.craigslist.org/que/egr/6114035303.html,Whitestone,Wireless/RF Telecom Technician (Bucket Truck Operator) in NYC (Whitest
https://newyork.craigslist.org/mnh/egr/6113949027.html,TriBeCa,Project Supervisor -- $40-45k
https://newyork.craigslist.org/stn/egr/6113906243.html,Edison,Porfolio Property Manager
https://newyork.craigslist.org/mnh/egr/6113840946.html,SoHo,Office Analyst
https://newyork.craigslist.org/mnh/egr/6113717555.html,Midtown East,Intermediate Architectural PM / Development Office
https://newyork.craigslist.org/mnh/egr/6113631321.html,Midtown East,Designer-Project Manager for Co-op Apartment Renovations
https://newyork.craigslist.org/wch/egr/6113629065.html,,Office Engineer
https://newyork.craigslist.org/jsy/egr/6113614773.html,Hillside NJ,REBAR DETAILER ENGINEER
https://newyork.craigslist.org/jsy/egr/6113604356.html,Hillside NJ,REBAR DETAILER ENGINEER
https://newyork.craigslist.org/fct/egr/6112980990.html,Greenwich CT,CIVIL ENGINEER or ENGINEERING TECHNICIAN - Full Time Position
https://newyork.craigslist.org/mnh/egr/6112911485.html,Midtown West,REVIT Drafting / Technician Position
https://newyork.craigslist.org/mnh/egr/6112818877.html,Midtown West,Residential Sr. Project Manager - Construction
https://newyork.craigslist.org/mnh/egr/6112806112.html,Midtown,Project Manager - NYC
https://newyork.craigslist.org/que/egr/6112519554.html,Whitestone,Wireless/RF Telecom Technician (Bucket Truck Operator)
https://newyork.craigslist.org/brk/egr/6112478644.html,Brooklyn,Project Architect
https://newyork.craigslist.org/mnh/egr/6112409871.html,MANHATTAN,Mid-level  Architect for Immediate Hire
https://newyork.craigslist.org/mnh/egr/6112394853.html,East Village,Draftsperson- Junior Architect
https://newyork.craigslist.org/brk/egr/6112383018.html,Brooklyn NY,Senior Architect/Project Manager
https://newyork.craigslist.org/mnh/egr/6112367988.html,Lower East Side,Draftsman
https://newyork.craigslist.org/que/egr/6112367885.html,,Mechanical Engineer
https://newyork.craigslist.org/que/egr/6112293524.html,Garden City Park,ESTIMATOR/ASST PROJECT MGMR FOR DIVISION 8 (DOOR & HW) DISTRIBUTOR
https://newyork.craigslist.org/mnh/egr/6112287927.html,TriBeCa,Project Manager
https://newyork.craigslist.org/mnh/egr/6112279657.html,TriBeCa,Preservation Engineer
https://newyork.craigslist.org/mnh/egr/6112278287.html,TriBeCa,Preservation Architect
https://newyork.craigslist.org/mnh/egr/6112109854.html,TriBeCa,interior Designer/ Draftsman
https://newyork.craigslist.org/brk/egr/6111745978.html,,Project Manager/Estimator
https://newyork.craigslist.org/brk/egr/6111744450.html,"8684 25th Avenue, Brooklyn, NY",Quality Control/Site Superintendent
https://newyork.craigslist.org/wch/egr/6111387350.html,"Dobbs Ferry, NY",Junior Architect / Project Manager
https://newyork.craigslist.org/mnh/egr/6111171971.html,Union Square,South Bronx high riser new construction seeking architect intern
https://newyork.craigslist.org/mnh/egr/6110942143.html,Midtown East,Designer-Project Manager for Co-op Apartment Renovations
https://newyork.craigslist.org/brk/egr/6110859278.html,Prospect Heights,Junior / Intermediate Architect
https://newyork.craigslist.org/mnh/egr/6109787057.html,MANHATTAN,Junior/ Mid-Level  Architect for Immediate Hire
https://newyork.craigslist.org/que/egr/6109658237.html,Far Rockaway,SE BUSCA LLANTERO/ LOOKING FOR TIRE CAR WORKER CON EXPERIENCIA
https://newyork.craigslist.org/brk/egr/6109471747.html,"Brooklyn, NY",Draftsperson/Detailer/Shop Drawings
https://newyork.craigslist.org/mnh/egr/6109005255.html,Midtown,Controls/ Instrumentation Engineer
https://newyork.craigslist.org/mnh/egr/6109004333.html,,Project Manager
https://newyork.craigslist.org/mnh/egr/6108867185.html,Los Angeles,Tunnel Inspectors - Must be willing to Relocate to Los Angeles
https://newyork.craigslist.org/mnh/egr/6108762710.html,Midtown,Senior Designer - Large Scale
https://newyork.craigslist.org/que/egr/6108732915.html,NYC,Construction Estimator/Project Manager
https://newyork.craigslist.org/que/egr/6108731376.html,NYC,CAD Draftsman/Estimator
https://newyork.craigslist.org/wch/egr/6108702394.html,,Project Manager
https://newyork.craigslist.org/brx/egr/6108696948.html,,Project Manager
https://newyork.craigslist.org/mnh/egr/6108526194.html,New York City,Director of Energy Sustainability
https://newyork.craigslist.org/mnh/egr/6108499987.html,Manhattan,Mechanical Engineer
https://newyork.craigslist.org/mnh/egr/6108497716.html,New York City,Plumbing/Fire Protection Engineer
https://newyork.craigslist.org/que/egr/6108474679.html,,Draftsperson - autoCAD
https://newyork.craigslist.org/mnh/egr/6108356021.html,5 BOUROUGHS,CLASS 2 DOB EXPEDITOR
https://newyork.craigslist.org/mnh/egr/6108297998.html,BROOKLYN,Seeking a full time structural engineer:
https://newyork.craigslist.org/mnh/egr/6108211770.html,Midtown,Visual Merchandising Designer - Freelance - START RIGHT AWAY
https://newyork.craigslist.org/fct/egr/6108146724.html,,CAD Technician / Architect
https://newyork.craigslist.org/mnh/egr/6108089049.html,,Architectural Team Associate
https://newyork.craigslist.org/mnh/egr/6108085523.html,,Architect/Project Manager
https://newyork.craigslist.org/wch/egr/6108005159.html,NY/Westchester,Electrical Engineer
https://newyork.craigslist.org/que/egr/6107892277.html,Maspeth,Architect CAD with Project Management duties
https://newyork.craigslist.org/mnh/egr/6107383624.html,Upper West Side,Junior Architect
https://newyork.craigslist.org/brk/egr/6107341282.html,,Architect / Drafter
https://newyork.craigslist.org/mnh/egr/6107187021.html,Midtown West,Plumbing Estimator
https://newyork.craigslist.org/jsy/egr/6107156150.html,Journal Square Jersey City NJ,MEP Engineer Wanted
https://newyork.craigslist.org/brk/egr/6107101615.html,"Williamsburg, Brooklyn",PRODUCTION / PROJECT ASSISTANTS NEEDED FOR ARCHITECTURAL FABRICATOR
https://newyork.craigslist.org/mnh/egr/6107099635.html,Manhattan,Site Work Superintendent
https://newyork.craigslist.org/mnh/egr/6107044264.html,,Technical Designer Architectural Products / CAD
https://newyork.craigslist.org/mnh/egr/6107020421.html,,JR Estimator/Quantity Surveyor
https://newyork.craigslist.org/mnh/egr/6107004475.html,,MECHANICAL ESTIMATOR - (PART TIME/FULLTIME)
https://newyork.craigslist.org/brk/egr/6106983911.html,"Greenpoint, Brooklyn",AutoCAD Operator
https://newyork.craigslist.org/mnh/egr/6106861040.html,Midtown East,Procurement Project Manager with Interior Design background needed
https://newyork.craigslist.org/mnh/egr/6106813804.html,New York,Design Director 
https://newyork.craigslist.org/mnh/egr/6106808637.html,New York,Innovative Interior Designers 
https://newyork.craigslist.org/mnh/egr/6106795251.html,Manhattan,Construction Job Supervisor Position
https://newyork.craigslist.org/brk/egr/6106690570.html,Brookly,Construction Administrative Assistant
https://newyork.craigslist.org/mnh/egr/6106625428.html,Midtown West,Architectural Firm Seeking Jr. & Sr. Architects
https://newyork.craigslist.org/que/egr/6106576721.html,"Jamaica, NY",Project Architect
https://newyork.craigslist.org/mnh/egr/6106576501.html,Manhattan NY,Greython Construction Seeking Retail Construction Project Managers
https://newyork.craigslist.org/mnh/egr/6106526218.html,Flatiron,Project Manager
https://newyork.craigslist.org/mnh/egr/6106523661.html,Flatiron,Project Architect with Revit skills
https://newyork.craigslist.org/mnh/egr/6106517947.html,Financial District,Project Architect
https://newyork.craigslist.org/lgi/egr/6106507195.html,Sandy relief program,Inspector / Code compliance for residential/ Sandy Relief Program
https://newyork.craigslist.org/mnh/egr/6106457614.html,Midtown East,Designer-Project Manager for Co-op Apartment Renovations
https://newyork.craigslist.org/lgi/egr/6106251976.html,Massapequa Park,Structural Engineer Needed
https://newyork.craigslist.org/mnh/egr/6106239982.html,Midtown East,Project Manager & Superintendent
https://newyork.craigslist.org/fct/egr/6106083136.html,,Landscape Design Sales -- Landscape Designer/Architect
https://newyork.craigslist.org/brx/egr/6106001774.html,,Engineer Systems and Integration Specialist
https://newyork.craigslist.org/mnh/egr/6105811579.html,Midtown,Intermediate Urban Designer
https://newyork.craigslist.org/que/egr/6105779872.html,METROPOLITAN AREA,ENGINEERS - BRIDGE CONDITION INSPECTORS
https://newyork.craigslist.org/lgi/egr/6105779656.html,,Civil Engineer - Commercial / Non-residential
https://newyork.craigslist.org/jsy/egr/6105779609.html,,Civil Engineer - Commercial / Non-residential
https://newyork.craigslist.org/brx/egr/6105779575.html,,Civil Engineer - Commercial / Non-residential
https://newyork.craigslist.org/que/egr/6105779536.html,,Civil Engineer - Commercial / Non-residential
https://newyork.craigslist.org/brk/egr/6105779499.html,,Civil Engineer - Commercial / Non-residential
https://newyork.craigslist.org/mnh/egr/6105779471.html,,Civil Engineer - Commercial / Non-residential
https://newyork.craigslist.org/mnh/egr/6105699200.html,NY,Temporary  Traffic  Data Collector
https://newyork.craigslist.org/mnh/egr/6105609117.html,Midtown West,Architect  / Junior Architect
https://newyork.craigslist.org/mnh/egr/6105605857.html,Midtown West,NYC DOB Expeditor/Filing Representative
https://newyork.craigslist.org/mnh/egr/6105603276.html,,Estimator Assistant
https://newyork.craigslist.org/brk/egr/6105530781.html,,"Construction Project Manager  (Bayridge, Brooklyn)"
https://newyork.craigslist.org/que/egr/6105527429.html,Queens,Land Surveyor/ Construction Layout
https://newyork.craigslist.org/que/egr/6105492477.html,Long Island City,Shop Manager (waterjet)
https://newyork.craigslist.org/mnh/egr/6105388534.html,Flatiron,Daftsperson
https://newyork.craigslist.org/jsy/egr/6105254100.html,,Entry Level Position at Architecture Firm
https://newyork.craigslist.org/wch/egr/6105227999.html,Dobbs Ferry,Junior Architect
https://newyork.craigslist.org/mnh/egr/6105208483.html,Journal Square in Jersey City NJ,Looking for Project Architect for Growing Practice
https://newyork.craigslist.org/wch/egr/6105227999.html,Dobbs Ferry,Junior Architect
https://newyork.craigslist.org/mnh/egr/6105208483.html,Journal Square in Jersey City NJ,Looking for Project Architect for Growing Practice
https://newyork.craigslist.org/fct/egr/6105176680.html,Bridgeport,Designer
https://newyork.craigslist.org/que/egr/6105125024.html,Queens,Assistant Draftsmen
https://newyork.craigslist.org/brk/egr/6105036575.html,East Williamsburg,SOLIDWORKS - Shop Drawing Wizard for MetalWork
https://newyork.craigslist.org/que/egr/6105025514.html,College point,Autocad person wanted for immediate hire!!!
https://newyork.craigslist.org/mnh/egr/6104733075.html,Midtown,Assitant Project Manager for GC/CM
https://newyork.craigslist.org/brk/egr/6104366621.html,Long Island,Xactimate Specialist
https://newyork.craigslist.org/brk/egr/6104323864.html,,"Project Analyst (Bayridge, Brooklyn)"
https://newyork.craigslist.org/brk/egr/6104316724.html,,"Senior Analyst-Construction (Bayridge, Brooklyn)"
https://newyork.craigslist.org/mnh/egr/6104250337.html,Midtown West,Marketing Manager for Architect Firm
https://newyork.craigslist.org/brx/egr/6104074886.html,"Bronx, NY",Application Engineer - Industrial Sales
https://newyork.craigslist.org/mnh/egr/6104045209.html,Midtown,Project Architect - Aviation
https://newyork.craigslist.org/jsy/egr/6104028937.html,Hillside NJ,REBAR DETAILER ENGINEER
https://newyork.craigslist.org/mnh/egr/6104023049.html,Midtown,Project Manager/Architect  (Critical Facilities)
https://newyork.craigslist.org/mnh/egr/6104021108.html,Chelsea,Intermediate Architects (Revit proficient)
https://newyork.craigslist.org/mnh/egr/6104019701.html,Midtown,Junior Architect with REVIT Proficiency
https://newyork.craigslist.org/que/egr/6104009069.html,Maspeth,"CHANGE YOUR CAREER AND EARN UP TO $70,000"
https://newyork.craigslist.org/que/egr/6103971924.html,Queens,BMS Controls Engineer
https://newyork.craigslist.org/que/egr/6103899207.html,,DRAFTER
https://newyork.craigslist.org/mnh/egr/6103543981.html,TriBeCa,Interior Designer / Draftsman
https://newyork.craigslist.org/brx/egr/6102938229.html,Yonkers,Construction Estimator
https://newyork.craigslist.org/jsy/egr/6102792704.html,Woodbridge,Interior Design Senior Designer
https://newyork.craigslist.org/brk/egr/6102726430.html,Brooklyn NY,Autocad Drafter
https://newyork.craigslist.org/mnh/egr/6102665046.html,Midtown,Intermediate Architect
https://newyork.craigslist.org/mnh/egr/6102528738.html,,Director of Construction  Services
https://newyork.craigslist.org/mnh/egr/6102480430.html,,Senior Project Manager/Construction Inspector (Civil)
https://newyork.craigslist.org/mnh/egr/6102473734.html,,Electrical Inspector/Manager
https://newyork.craigslist.org/mnh/egr/6102465809.html,,Construction Superintendent
https://newyork.craigslist.org/mnh/egr/6102458008.html,,Assistant Project Manager
https://newyork.craigslist.org/wch/egr/6102336800.html,Stamford,Architect
https://newyork.craigslist.org/mnh/egr/6102325207.html,Flatiron,Expeditor in Architecture field
https://newyork.craigslist.org/lgi/egr/6102278012.html,Glen Cove,Artisan Machinist
https://newyork.craigslist.org/mnh/egr/6102255032.html,,Construction/ Architectural Project Manager
https://newyork.craigslist.org/jsy/egr/6102202193.html,Woodbridge,Interior Architecture Senior Designer
https://newyork.craigslist.org/brk/egr/6102190676.html,,summer internship - architect / interior designer
https://newyork.craigslist.org/jsy/egr/6102131234.html,"Woodbridge, NJ",Interior Design Project Manager
https://newyork.craigslist.org/mnh/egr/6102078203.html,Financial District,Interior Designer for a Design Build firm (Financial District)
https://newyork.craigslist.org/wch/egr/6102055749.html,Westchester,EXPERIENCED Kitchen & Bathroom Installers WANTED for hire
https://newyork.craigslist.org/stn/egr/6101956889.html,Edison,Porfolio Property Manager
https://newyork.craigslist.org/mnh/egr/6101882076.html,Cortlandt Manor,Resident Engineer
https://newyork.craigslist.org/mnh/egr/6101739572.html,,Junior Interior Designer
https://newyork.craigslist.org/brk/egr/6101114185.html,Brooklyn,Junior Architect /  CAD Drafter
https://newyork.craigslist.org/mnh/egr/6100948562.html,Manhattan,Const. Project Manager (Jr. level)
https://newyork.craigslist.org/mnh/egr/6100845654.html,NYC,PCB Design Blogger Needed
https://newyork.craigslist.org/mnh/egr/6100552933.html,Midtown East,Designer-Project Manager for Co-op Apartment Renovations
https://newyork.craigslist.org/mnh/egr/6100261929.html,Upper West Side,Interior Designer AutoCAD
https://newyork.craigslist.org/que/egr/6098485789.html,NEW YORK,ENTRY LEVEL ARCHITECT
https://newyork.craigslist.org/mnh/egr/6098442943.html,TriBeCa,Preservation Architect
https://newyork.craigslist.org/mnh/egr/6098442835.html,Midtown West,Electrical Engineer for MEP Firm
https://newyork.craigslist.org/mnh/egr/6098441989.html,TriBeCa,Preservation Engineer
https://newyork.craigslist.org/mnh/egr/6098440561.html,TriBeCa,Project Manager
https://newyork.craigslist.org/wch/egr/6098413895.html,white plains,"Construction administrator, estimator, administrative executive assist"
https://newyork.craigslist.org/mnh/egr/6098374565.html,,ENGINEER Utility of the Future (UOF) Demand Response Energy Efficiency
https://newyork.craigslist.org/brk/egr/6098276074.html,BROOKLYN NY,Assistant Project Manager/Estimating Assistant
https://newyork.craigslist.org/mnh/egr/6098251225.html,Flatiron,Environmental Graphic Designer
https://newyork.craigslist.org/mnh/egr/6098245478.html,Flatiron,Interior Design Job Captain
https://newyork.craigslist.org/mnh/egr/6098236031.html,Union Square,Award Winning Design Studio Seeking Full-Time Junior Architect
https://newyork.craigslist.org/mnh/egr/6098224292.html,Flatiron,Interior Design Project Manager - Retail
https://newyork.craigslist.org/stn/egr/6098190008.html,,Teach kids engineering concepts - using LEGO®!
https://newyork.craigslist.org/mnh/egr/6098184826.html,New York City,Plumbing/Fire Protection Engineer
https://newyork.craigslist.org/jsy/egr/6098184277.html,Woodbridge,Interior Architecture Project Manager
https://newyork.craigslist.org/jsy/egr/6098174816.html,"Woodbridge, NJ",Environmental Graphic Designer
https://newyork.craigslist.org/mnh/egr/6098134184.html,Upper East Side,Senior Architect
https://newyork.craigslist.org/jsy/egr/6098007306.html,"Woodbridge, NJ",Project Architect
https://newyork.craigslist.org/mnh/egr/6097888431.html,,Architect with 2-3 years exp.
https://newyork.craigslist.org/wch/egr/6097834123.html,White Plains,Project Architect
https://newyork.craigslist.org/brk/egr/6097770523.html,,Apartment Renovation Manager
https://newyork.craigslist.org/brx/egr/6097714279.html,BRONX,AutoCAD Draftsman/Engineer for Elevator Cab
https://newyork.craigslist.org/que/egr/6097064215.html,long island city,AUTO CAD/DESIGN CAD - CUSTOM WINDOW MANUFACTURER
https://newyork.craigslist.org/mnh/egr/6097027618.html,"Seattle,WA",Project Architect - Retail Stores - SEATTLE
https://newyork.craigslist.org/brk/egr/6096762508.html,Brooklyn,Architectural Firm Seeking Project Manager/Job Captain
https://newyork.craigslist.org/wch/egr/6096757350.html,"White Plains, NY",SENIOR PROJECT MANAGER- $100M+ PROJECT
https://newyork.craigslist.org/mnh/egr/6096732605.html,Downtown,Senior Technical Architect / Site Representative
https://newyork.craigslist.org/stn/egr/6096688036.html,,AUTOCAD DRAFTSMAN
https://newyork.craigslist.org/mnh/egr/6096435184.html,"New York, NY",Estimator for a Boutique Construction Firm
https://newyork.craigslist.org/mnh/egr/6096371953.html,,Floor Plan Measurer: AS-BUILT Drawings $35/hr (New York City)
https://newyork.craigslist.org/brk/egr/6096369600.html,Brooklyn,CAD Drafting and 3d Modeling
https://newyork.craigslist.org/mnh/egr/6096270982.html,Manhattan/Bronx,Custom Metal and Glass Fabricators Seeks FT Senior Project Manager
https://newyork.craigslist.org/mnh/egr/6096261229.html,Bronx Office,Custom Metal and Glass Fabricators Seeks FT Senior Drafter/Estimator
https://newyork.craigslist.org/mnh/egr/6096257600.html,Downtown,Senior Architectural Specification Writer
https://newyork.craigslist.org/que/egr/6096177032.html,Queens,Auto Cad/ STEEL I Beam Details Drafts Person
https://newyork.craigslist.org/mnh/egr/6096174614.html,New York City,Revit Specialist
https://newyork.craigslist.org/mnh/egr/6096153531.html,Midtown East,Designer-Project Manager for Co-op Apartment Renovations
https://newyork.craigslist.org/mnh/egr/6095920185.html,East Harlem,ARCHITECTURAL DRAFTER
https://newyork.craigslist.org/brk/egr/6095550124.html,,NYS Licensed Architect
https://newyork.craigslist.org/mnh/egr/6095442112.html,,Construction Project Management
https://newyork.craigslist.org/brk/egr/6095414448.html,BROOKLYN,Architect/Drafter
https://newyork.craigslist.org/que/egr/6095320710.html,"Elmhurst, NY",Professional Engineer Consulting Opportunity (Structural)
https://newyork.craigslist.org/mnh/egr/6095068557.html,Murray Hill,Fashion design intern
https://newyork.craigslist.org/mnh/egr/6094991346.html,Midtown,Intermediate Architect
https://newyork.craigslist.org/mnh/egr/6094987444.html,Midtown,Junior Architect
https://newyork.craigslist.org/mnh/egr/6094851622.html,Upper West Side,Service Department Assistant Project Manager (Manhattan)
https://newyork.craigslist.org/fct/egr/6094843081.html,Danbury,Mechanical Design Engineer
https://newyork.craigslist.org/que/egr/6094749398.html,,CAD Operator/Sketcher for HVAC Ductwork
https://newyork.craigslist.org/fct/egr/6094740099.html,"Norwalk, CT",Plumbing and Fire Protection Engineer/Designer
https://newyork.craigslist.org/fct/egr/6094738144.html,"Norwalk, CT",Mechanical/HVAC Engineer/Designer
https://newyork.craigslist.org/mnh/egr/6094735804.html,"New York, NY",Associate Project Manager - High-End Residential Construction
https://newyork.craigslist.org/que/egr/6094732102.html,,HVAC Project Manager
https://newyork.craigslist.org/que/egr/6094729059.html,,Estimating/Contracts Engineer for HVAC Company
https://newyork.craigslist.org/mnh/egr/6094549851.html,Midtown East,Designer-Project Manager for Co-op Apartment Renovations
https://newyork.craigslist.org/brk/egr/6094106624.html,Manhattan,NYC Site Safety Supervisor
https://newyork.craigslist.org/mnh/egr/6094079101.html,,ENGINEER- Energy Distribution System- Non-Wires Alternative Projects
https://newyork.craigslist.org/mnh/egr/6094071491.html,,UTILITY of the FUTURE UOF ... Non-Wires Alternative Project Specilaist
https://newyork.craigslist.org/mnh/egr/6093953658.html,East Village,Intermediate Architect
https://newyork.craigslist.org/mnh/egr/6093927712.html,Chelsea,Interior Designer / Cad Production
https://newyork.craigslist.org/mnh/egr/6093800702.html,Midtown West,Architectural Draftsperson and a Job Captain
https://newyork.craigslist.org/que/egr/6093665864.html,"Astoria, Queens",Experienced Kitchen Cabinet Designer
https://newyork.craigslist.org/mnh/egr/6093664798.html,Midtown,Drafter needed for Lighting Design Office - 6mo gig - may lead to FT
https://newyork.craigslist.org/mnh/egr/6093656811.html,Manhattan,ELECTRICAL ENGINEER NEEDED FOR IMMEDIATE HIRE..
https://newyork.craigslist.org/mnh/egr/6093651643.html,MANHATTAN,"ENERGY AUDITORS NEEDED 2-4 YEARS MIN. EXPERIENCE, Certification a plus"
https://newyork.craigslist.org/mnh/egr/6093645892.html,Manhattan,MECHANICAL ENGINEER NEEDED 4+ YEARS EXPERIENCE
https://newyork.craigslist.org/mnh/egr/6093444401.html,Union Square,Interior Architect | Interior Designer
https://newyork.craigslist.org/mnh/egr/6093427987.html,New York,Senior Interior Architect - Workplace + Commercial Sectors
https://newyork.craigslist.org/mnh/egr/6093423262.html,New York,Interior Designer - Healthcare
https://newyork.craigslist.org/mnh/egr/6093418336.html,New York,Interior Design Project Manager - Aviation
https://newyork.craigslist.org/mnh/egr/6093409258.html,New York,Interior Architect/Designer - Creative Workplace
https://newyork.craigslist.org/mnh/egr/6093394862.html,,Senior Interior Architect 
https://newyork.craigslist.org/que/egr/6093244652.html,Woodside,Start your career now......
https://newyork.craigslist.org/brk/egr/6093213583.html,,Project Manager for Electrical Contractor
https://newyork.craigslist.org/brk/egr/6093050654.html,Brooklyn,Architect
https://newyork.craigslist.org/fct/egr/6092862450.html,,CAD Technician / Architect
https://newyork.craigslist.org/brk/egr/6092845669.html,brooklyn,Recent Architecture Grad
https://newyork.craigslist.org/brk/egr/6092724990.html,New York - La Guardia Airpor,Document Technologist
https://newyork.craigslist.org/que/egr/6092501574.html,Glendale,Assistant Construction Project Manager
https://newyork.craigslist.org/que/egr/6092389714.html,Long Island City,Auto CAD Operator - Carpet and Flooring Sizing Software
https://newyork.craigslist.org/mnh/egr/6092370208.html,Downtown,Architectural Consultant/Expediter
https://newyork.craigslist.org/mnh/egr/6092369199.html,Lower East Side,Technical Sales Job at Heating Supply Wholesaler
https://newyork.craigslist.org/mnh/egr/6092368688.html,Downtown,Experienced Certificate of Occupancy Coordinator/Expeditor
https://newyork.craigslist.org/mnh/egr/6092306782.html,Midtown,Jr. Designer/ Space Planning Coordinator
https://newyork.craigslist.org/wch/egr/6092218878.html,Tarrytown,Office Engineer / Document Controls Engineer
https://newyork.craigslist.org/mnh/egr/6092216921.html,,Office Engineer / Document Controls Engineer
https://newyork.craigslist.org/mnh/egr/6092125356.html,Upper West Side,Intermediate Architect - High End Residential
https://newyork.craigslist.org/mnh/egr/6092098072.html,,CONSTRUCTION PROJECT MANAGER
https://newyork.craigslist.org/brk/egr/6092051552.html,Prospect Heights,Junior / Intermediate Architect
https://newyork.craigslist.org/que/egr/6092010860.html,QUEENS,PIPE WELDER
https://newyork.craigslist.org/mnh/egr/6092003835.html,,CONSTRUCTION SUPERINTENDENT
https://newyork.craigslist.org/lgi/egr/6091735228.html,Carle Place,AutoCAD Drafters
https://newyork.craigslist.org/mnh/egr/6088641654.html,NEW YORK CITY AREA,ARCHITECT/PROJECT MANGEMENT RECRUITERS NEEDED! GET PAID TODAY!
https://newyork.craigslist.org/mnh/egr/6088627847.html,TriBeCa,Preservation Architect
https://newyork.craigslist.org/mnh/egr/6088626819.html,TriBeCa,Preservation Engineer
https://newyork.craigslist.org/mnh/egr/6088625740.html,TriBeCa,Project Manager
https://newyork.craigslist.org/mnh/egr/6088618695.html,,Project Manager
https://newyork.craigslist.org/mnh/egr/6088613681.html,Midtown,Controls/ Instrumentation Engineer
https://newyork.craigslist.org/mnh/egr/6088527103.html,Midtown West,Jr. CIVIL /PLUMBING ENGINEER-Utilities Specialist
https://newyork.craigslist.org/mnh/egr/6088522617.html,Midtown,CIVIL ENGINEER-Utilities Specialist
https://newyork.craigslist.org/mnh/egr/6088519383.html,Chelsea,BIM Coordinator
https://newyork.craigslist.org/jsy/egr/6088358088.html,"Eatontown, NJ",Project Manager
https://newyork.craigslist.org/jsy/egr/6088349189.html,Upper Saddle River,Project Manager
https://newyork.craigslist.org/brk/egr/6088201190.html,Brooklyn,Architectural Draftsperson
https://newyork.craigslist.org/wch/egr/6088126669.html,,Mechanical Engineer
https://newyork.craigslist.org/jsy/egr/6088122967.html,,Plumbing / Fire Protection Designer
https://newyork.craigslist.org/jsy/egr/6088120693.html,,Electrical Engineer
https://newyork.craigslist.org/mnh/egr/6087417645.html,Midtown,Architectural Draftsman & DOB Filing Representative
https://newyork.craigslist.org/fct/egr/6087282539.html,Fairfield/Westchester Counties,Architect/Construction Manager
https://newyork.craigslist.org/mnh/egr/6087270605.html,SoHo,Senior Project Manager
https://newyork.craigslist.org/brk/egr/6087234887.html,"Brooklyn, NY",Engineer -- GEO TECH
https://newyork.craigslist.org/mnh/egr/6087202311.html,Midtown West,Residential Sr. Project Manager - Construction
https://newyork.craigslist.org/lgi/egr/6086905049.html,LONG ISLAND,ELECTRICAL ENGINEER
https://newyork.craigslist.org/fct/egr/6086748523.html,,Landscape Sales -- Designer/Architect
https://newyork.craigslist.org/lgi/egr/6086716382.html,Great Neck,Estimator needed in Great Neck
https://newyork.craigslist.org/wch/egr/6086697295.html,white plains,construction estimator and administrator
https://newyork.craigslist.org/mnh/egr/6086532372.html,Midtown East,Executive Assistant to Owner - Must be experienced
https://newyork.craigslist.org/jsy/egr/6086427809.html,Hillside NJ,REBAR DETAILER ENGINEER
https://newyork.craigslist.org/brk/egr/6085878649.html,,Chief Engineer
https://newyork.craigslist.org/brk/egr/6085860805.html,,Construction Project Manager
https://newyork.craigslist.org/mnh/egr/6085683351.html,"New York, NY",Project Executive/Project Manager - PREMIER NYC REAL ESTATE FIRM
https://newyork.craigslist.org/wch/egr/6085653497.html,White Plains,"Project Manager  Super Commercial Drywall, Framing, ACT---Estimator Jr"
https://newyork.craigslist.org/mnh/egr/6085621846.html,New York,Urban Planners/Architects
https://newyork.craigslist.org/mnh/egr/6085609302.html,,Civil Engineer 3
https://newyork.craigslist.org/mnh/egr/6085557988.html,Midtown,Electrical Design Engineer-Entry Level
https://newyork.craigslist.org/mnh/egr/6085520613.html,Downtown,Junior Architect
https://newyork.craigslist.org/que/egr/6085368613.html,"Maspeth, NY",BIM Coordinator
https://newyork.craigslist.org/mnh/egr/6085037717.html,Midtown West,Department of Buildings (DOB) Field Expediter Position Available
https://newyork.craigslist.org/stn/egr/6085026196.html,,Field Personnel (Entry Level)
https://newyork.craigslist.org/que/egr/6084997422.html,Long Island City,"Architectural Designer, Jr"
https://newyork.craigslist.org/mnh/egr/6084947051.html,Midtown East,Designer-Project Manager for Co-op Apartment Renovations
https://newyork.craigslist.org/brk/egr/6084866320.html,,Intermediate Interior Designer
https://newyork.craigslist.org/mnh/egr/6084424870.html,NYC,Interior Designer available to work with Architects and ID firms.
https://newyork.craigslist.org/mnh/egr/6084409140.html,Chinatown / Lit Italy,PART TIME ARCHITECT RA / ENGINEER PE NEEDED
https://newyork.craigslist.org/que/egr/6084238362.html,,Structural Engineer Wanted
https://newyork.craigslist.org/brk/egr/6084155056.html,"Brooklyn, NY",Construction Estimator
https://newyork.craigslist.org/brk/egr/6084113124.html,Brooklyn,"Clerical / DOT Permit expediter / CAD operator Brooklyn, NY"
https://newyork.craigslist.org/que/egr/6084108532.html,Maspeth,Project Administrator
https://newyork.craigslist.org/que/egr/6084032204.html,Long Island City,Professional Engineer (Structural-PE)
https://newyork.craigslist.org/mnh/egr/6083978960.html,Downtown,Power Design Engineer
https://newyork.craigslist.org/mnh/egr/6083935848.html,Midtown,*** SEEKING CONSTRUCTION & DESIGN COORDINATOR! ***
https://newyork.craigslist.org/brk/egr/6083817834.html,Williamsburg,Hotel Engineer - The William Vale
https://newyork.craigslist.org/wch/egr/6083811855.html,"Bridgeport, CT",Technical Designer -  Theatrical Automation
https://newyork.craigslist.org/mnh/egr/6083794544.html,Upper East Side,Senior Architect
https://newyork.craigslist.org/mnh/egr/6083729609.html,Midtown,Experienced Interior Designer
https://newyork.craigslist.org/mnh/egr/6083703820.html,Midtown,Project Manager - NYC
https://newyork.craigslist.org/wch/egr/6083253651.html,Yonkers,Construction Project Manager (Jr. Level) (Westchester)
https://newyork.craigslist.org/brk/egr/6083200929.html,Staten Island,ESTIMATOR WANTED
https://newyork.craigslist.org/mnh/egr/6083002789.html,Midtown West,Electrical Engineer
https://newyork.craigslist.org/wch/egr/6082949220.html,"Elmsford, NY",FULL/PART-TIME Architectural Intern
https://newyork.craigslist.org/brk/egr/6082920105.html,Brooklyn,Jr. Architectural Designer
https://newyork.craigslist.org/que/egr/6082766032.html,Queens,Draftsmen
https://newyork.craigslist.org/mnh/egr/6082652205.html,New York,MID-SENIOR LEVEL ELECTRICAL ENGINEER NEEDED FOR IMMEDIATE HIRE
https://newyork.craigslist.org/que/egr/6082493517.html,,Land Surveyor Technician
https://newyork.craigslist.org/mnh/egr/6082467833.html,Midtown,Intermediate Architect
https://newyork.craigslist.org/brk/egr/6082414785.html,Red Hook,Seeking Freelance Draftsman/Designer for Visual Display Company
https://newyork.craigslist.org/mnh/egr/6082410623.html,Flatiron,Construction Project Manager
https://newyork.craigslist.org/que/egr/6082202773.html,Queens,Construction Project Manager
https://newyork.craigslist.org/mnh/egr/6082169364.html,Midtown West,Sustainability LEED Engineer/Architect
https://newyork.craigslist.org/mnh/egr/6082057962.html,Midtown,Electrical Engineers
https://newyork.craigslist.org/mnh/egr/6081642321.html,Midtown,DRAFTSPERSON/JOB CAPTAIN
https://newyork.craigslist.org/mnh/egr/6081130594.html,Manhattan,Const. Project Manager (Jr. level)
https://newyork.craigslist.org/que/egr/6080301915.html,NYC Nassau,Assistant Project Supervisor
https://newyork.craigslist.org/que/egr/6079593394.html,ASTORIA,Civil Engineer Wanted - Entry Level
https://newyork.craigslist.org/brk/egr/6079448808.html,Brooklyn,CONSTRUCTION - PROJECT MANAGERS / ESTIMATORS - OFFICE or FIELD
https://newyork.craigslist.org/mnh/egr/6079447377.html,,Freelance Drafter / Project Architect
https://newyork.craigslist.org/brk/egr/6078927529.html,Williamsburg,Senior Project Architect
https://newyork.craigslist.org/brk/egr/6078902191.html,Brooklyn,Estimator/Project Manager
https://newyork.craigslist.org/mnh/egr/6078840637.html,Flatiron,Environmental Graphic Designer
https://newyork.craigslist.org/mnh/egr/6078834055.html,Flatiron,Interior Design Job Captain
https://newyork.craigslist.org/mnh/egr/6078822566.html,Flatiron,Interior Design Project Manager - Retail
https://newyork.craigslist.org/jsy/egr/6078804784.html,"Woodbridge, NJ",Interior Design Project Manager
https://newyork.craigslist.org/jsy/egr/6078785367.html,"Woodbridge, NJ",Interior Architecture Project Manager
https://newyork.craigslist.org/jsy/egr/6078774772.html,"Woodbridge, NJ",Environmental Graphic Designer
https://newyork.craigslist.org/mnh/egr/6078717602.html,Manhattan,"intern- Architect, Construction Management"
https://newyork.craigslist.org/mnh/egr/6078680240.html,Midtown,Controls/ Instrumentation Engineer
https://newyork.craigslist.org/mnh/egr/6078677960.html,,Project Manager
https://newyork.craigslist.org/mnh/egr/6078572664.html,TriBeCa,Project Manager
https://newyork.craigslist.org/mnh/egr/6078570129.html,TriBeCa,Preservation Engineer
https://newyork.craigslist.org/mnh/egr/6078568638.html,TriBeCa,Preservation Architect
https://newyork.craigslist.org/mnh/egr/6078497465.html,Midtown,PROJECT ENGINEER
https://newyork.craigslist.org/que/egr/6078487752.html,Queens,Intermediate Architect (residential; commercial)
https://newyork.craigslist.org/mnh/egr/6078460808.html,,Architectural Firm Seeking Office Expeditor for Municipal Compliance
https://newyork.craigslist.org/wch/egr/6078267224.html,Dobbs Ferry,Junior-Intermediate Architect
https://newyork.craigslist.org/mnh/egr/6078023351.html,,Environmental Scientist/Engineer (1-3 Years of Experience)
https://newyork.craigslist.org/mnh/egr/6077750180.html,Flatiron,Estimator -  Architectural Systems
https://newyork.craigslist.org/brk/egr/6077318875.html,,Construction Intern
https://newyork.craigslist.org/que/egr/6077296745.html,NEW YORK,ENTRY LEVEL ARCHITECT
https://newyork.craigslist.org/mnh/egr/6077276657.html,Midtown,Junior Architect for temp work
https://newyork.craigslist.org/lgi/egr/6077109937.html,Valley Stream,AUTOCAD Draftsman wanted
https://newyork.craigslist.org/brk/egr/6077091643.html,East Williamsburg,Architectural Metal Cost Estimator
https://newyork.craigslist.org/mnh/egr/6077075476.html,,Electrical/Communications - Sr. Field Representative (Rail/Transit)
https://newyork.craigslist.org/mnh/egr/6077067949.html,SoHo,Junior Architect
https://newyork.craigslist.org/mnh/egr/6077036656.html,New York,Fire Sprinkler Estimator
https://newyork.craigslist.org/mnh/egr/6077018242.html,Midtown West,Assistant Project Manager
https://newyork.craigslist.org/mnh/egr/6076966314.html,"New York, NY",Estimator for a Boutique Construction Firm
https://newyork.craigslist.org/que/egr/6076922067.html,QUEENS,ARCHITECTURAL DRAFTSMAN WANTED
https://newyork.craigslist.org/que/egr/6076902957.html,,Drafter
https://newyork.craigslist.org/mnh/egr/6076851896.html,Midtown West,MEP -  Plumbing/Fire Protection Engineers/REVIT
https://newyork.craigslist.org/brk/egr/6076833534.html,,"Code Inspector (Bayridge, Brooklyn)"
https://newyork.craigslist.org/mnh/egr/6076748459.html,Gramercy,Jr.- Intermediate Architect
https://newyork.craigslist.org/mnh/egr/6076696139.html,TriBeCa,Department of Buildings Filing Representative
https://newyork.craigslist.org/mnh/egr/6076580781.html,Financial District,Seeking DOB Expediter
https://newyork.craigslist.org/mnh/egr/6076044495.html,Midtown,CAD Draftsperson Landscape Construction temp/ temp to perm
https://newyork.craigslist.org/mnh/egr/6076020153.html,Midtown West,Autocad Draftsperson Wanted
https://newyork.craigslist.org/mnh/egr/6075895302.html,Manhattan,Const. Project Manager (Jr. level)
https://newyork.craigslist.org/brk/egr/6075863332.html,,Chief Engineer
https://newyork.craigslist.org/mnh/egr/6075819328.html,Midtown West,Intermediate to Senior CAD Architect / Project Manager
https://newyork.craigslist.org/brk/egr/6075682150.html,Brooklyn,Seeking mechanical engineer specializing in HVAC and plumbing design.
https://newyork.craigslist.org/mnh/egr/6075681405.html,New York,Project Manager
https://newyork.craigslist.org/mnh/egr/6075603989.html,Financial District,Junior Interior Designer for a Design Build firm (Financial District)
https://newyork.craigslist.org/mnh/egr/6075403137.html,Midtown West,Intermediate Architectural Designer
https://newyork.craigslist.org/brk/egr/6075238613.html,Red Hook,Project Manager for Design + Build Landscape Firm
https://newyork.craigslist.org/lgi/egr/6075128973.html,Glen Head,Glen Head Construction Company Seeking Full Time Cad Draftsman
https://newyork.craigslist.org/mnh/egr/6075118269.html,Queens,STRUCTURAL ENGINEER PE- TUNNEL EXPERIENCE-IMMEDIATE HIRE
https://newyork.craigslist.org/que/egr/6075103923.html,Queens,Jr. Architect - Full Time
https://newyork.craigslist.org/mnh/egr/6074980893.html,Manhattan,SENIOR LICENCED MECHANICAL(HVAC) ENGINEER NEEDED 7+ YEARS EXPERIENCE
https://newyork.craigslist.org/mnh/egr/6074571441.html,Midtown West,looking for structural design drafter
https://newyork.craigslist.org/brk/egr/6074459988.html,Brooklyn,Architectural Drafter
https://newyork.craigslist.org/brk/egr/6074306060.html,,NYS Licensed Architect
https://newyork.craigslist.org/mnh/egr/6074257307.html,Financial District,CAD/BIM Modeler
https://newyork.craigslist.org/lgi/egr/6074248129.html,,Estimating Manager
https://newyork.craigslist.org/lgi/egr/6074235115.html,,Project Manager - Department Manager
https://newyork.craigslist.org/brk/egr/6074216159.html,,3D Architectural Artist/Renderer
https://newyork.craigslist.org/mnh/egr/6074121271.html,Mod-Town Manhattan,Architectural CAD Technician
https://newyork.craigslist.org/wch/egr/6074076533.html,White Plains,Project Architect
https://newyork.craigslist.org/mnh/egr/6074025347.html,Upper East Side,Design Assistant - Architecture & Interior
https://newyork.craigslist.org/que/egr/6073924479.html,"Queens, NY",CONCRETE INSPECTORS (ACI1 AND ACI2)
https://newyork.craigslist.org/brk/egr/6073872919.html,Brooklyn,Construction Administrator Needed
https://newyork.craigslist.org/jsy/egr/6073843159.html,Hillside NJ,REBAR DETAILER ENGINEER
https://newyork.craigslist.org/mnh/egr/6073721020.html,Midtown,Graduate/Trainee (CAD/BIM) Draftsman
https://newyork.craigslist.org/brk/egr/6073631636.html,East Williamsburg,Administrative Assistant wanted for busy Estimating Office
https://newyork.craigslist.org/stn/egr/6073597513.html,Staten Island,Construction Project Manager
https://newyork.craigslist.org/stn/egr/6073594567.html,Staten Island,Marine Construction Manager
https://newyork.craigslist.org/brk/egr/6073594223.html,"Smithtown, NY",Industrial Design Paid Internship (Long Island)
https://newyork.craigslist.org/stn/egr/6073591810.html,Staten Island,Asphalt Plant Manager
https://newyork.craigslist.org/brk/egr/6073588217.html,"Smithtown, NY",Mechanical Engineering Paid Internship (Long Island)
https://newyork.craigslist.org/brk/egr/6073584128.html,"Smithtown, NY",Electrical Engineering Paid Internship (Long Island)
https://newyork.craigslist.org/wch/egr/6072750579.html,New Rochelle,Flooring Project Manager
https://newyork.craigslist.org/brk/egr/6072682505.html,Brooklyn,Design Engineer
https://newyork.craigslist.org/mnh/egr/6072658617.html,TriBeCa,Marketing Manager @ Architectural Firm
https://newyork.craigslist.org/que/egr/6072624243.html,Long Island City,Mid-Level Architect: 6 -12 years of Experience
https://newyork.craigslist.org/que/egr/6072615975.html,Long Island City,Junior Architect: 3-5 years of Experience
https://newyork.craigslist.org/stn/egr/6072546812.html,"BK, BX, NYC, SI, LI, QS",Electricians - Full Time
https://newyork.craigslist.org/mnh/egr/6072521289.html,Midtown West,Project Manager/Architect
https://newyork.craigslist.org/mnh/egr/6072514754.html,Midtown West,Junior Architect
https://newyork.craigslist.org/mnh/egr/6072489832.html,Midtown,Interior Design Assistant
https://newyork.craigslist.org/jsy/egr/6072484936.html,"Hudson Valley, NY",Engineering Project Manager - Municipal
https://newyork.craigslist.org/wch/egr/6072480552.html,"Hudson Valley,NY",Engineering Project Manager - Municipal
https://newyork.craigslist.org/mnh/egr/6072343470.html,Downtown,Intermediate level Architect (NYC/Kingston NY)
https://newyork.craigslist.org/mnh/egr/6072304476.html,Midtown,Project Architect (High-end Residential)
https://newyork.craigslist.org/mnh/egr/6072077358.html,Midtown East,Dynamic Junior Architect
https://newyork.craigslist.org/mnh/egr/6072066551.html,Midtown,Intermediate Interior Designer
https://newyork.craigslist.org/mnh/egr/6072064945.html,Midtown,Senior Interior Designer
https://newyork.craigslist.org/brk/egr/6072041484.html,Brooklyn,Industrial Designer or Engineer for International Metalworking Company
https://newyork.craigslist.org/brk/egr/6072018267.html,Brooklyn,Boutique BKLYN Based Design/Construction Firm Seeks Sr. Constr. Mgr.
https://newyork.craigslist.org/brk/egr/6072017495.html,Brooklyn,Boutique BKLYN Based Design/Construction Firm Seeks Sr. Project Mngr.
